pressure_ratio,COP,Q_cold_kW,T_turb_out_degC
2.0000,0.452016,10.4279,-111.8921
2.3898,0.374272,11.7757,-130.2657
2.7797,0.323921,12.6996,-143.2992
3.1695,0.288204,13.3665,-153.1491
3.5593,0.261268,13.8633,-160.9354
3.9492,0.240038,14.2401,-167.3013
4.3390,0.222737,14.5279,-172.6444
